sector,cloud_intensity,year,pred_value_added_real
A,61.642,2026,94.67494488729062
C,61.642,2026,91.85494488729091
B-E,61.642,2026,88.67744488728931
F,61.642,2026,75.0349448872912
